<?xml version="1.0" encoding="UTF-8" standalone="yes"?>
<addon id="plugin.program.tvban-Nexus" name="OneAlliance Reborn Wizard" version="8.0.3" provider-name="RedWizard">
    <requires>
        <import addon="xbmc.python" version="3.0.0" />
        <import addon="script.module.requests" />
        <import addon="script.module.six" />
    </requires>
    
    <extension point="xbmc.python.pluginsource" library="default.py">
        <provides>executable</provides>
    </extension>
    
    <extension point="xbmc.service" library="startup.py" start="startup" />
    
    <extension point="xbmc.addon.metadata">
        <summary lang="en">OneAlliance Reborn Wizard</summary>
        <description lang="en">The OneAlliance Reborn Wizard for installing and maintaining the latest OneAlliance Reborn builds.</description>
        <platform>all</platform>
        <reuselanguageinvoker>false</reuselanguageinvoker>
        <source>https://www.github.com/a4k-openproject/plugin.program.openwizard/</source>
        <news>2022-12-01
- Remove requires import script.kodi.android.update
- Beta Wizard for Kodi 20 Nexus
- Default View changed from Icon to List
- Repo Auto Install changed to the main Repo address
- Change to addon.xml</news>
        <assets>
            <icon>icon.png</icon>
            <fanart>fanart.png</fanart>
        </assets>
		<license>GNU GENERAL PUBLIC LICENSE Version 3</license>
		<email></email>
		<website>https://www.facebook.com/groups/OneAllianceReborn/</website>
    </extension>
</addon>
