<?xml version="1.0" encoding="UTF-8" standalone="yes"?>
<addon id="repository.Andtv-Matrix" name="[COLOR steelblue][B]Repo[/B][/COLOR] [COLOR azure][B]ANDTV[/B] [/COLOR][COLOR limegreen][B]MATRIX[/B][/COLOR]" version="3.5.22" provider-name="ANDTV_TVBAN, JoseAnd">
    <extension point="xbmc.addon.repository" name="[COLOR dodgerblue][B]Repo[/B][/COLOR] [COLOR azure][B]ANDTV[/B] [COLOR limegreen][B]MATRIX[/B][/COLOR]">
        <dir minversion="18.0" maxversion="18.9.0">
            <info>https://raw.githubusercontent.com/andtv/Repo-ANDTV/master/leia/zips/addons.xml</info>
            <checksum>https://raw.githubusercontent.com/andtv/Repo-ANDTV/master/leia/zips/addons.xml.md5</checksum>
            <datadir zip="true">https://raw.githubusercontent.com/andtv/Repo-ANDTV/master/leia/zips/</datadir>
        </dir>
        <dir minversion="18.9.0">
            <info compressed="false">https://raw.githubusercontent.com/andtv/Repo-ANDTV/master/matrix/zips/addons.xml</info>
            <checksum>https://raw.githubusercontent.com/andtv/Repo-ANDTV/master/matrix/zips/addons.xml.md5</checksum>
            <datadir zip="true">https://raw.githubusercontent.com/andtv/Repo-ANDTV/master/matrix/zips/</datadir>
        </dir>
        <dir minversion="18.9.0">
            <info>https://raw.githubusercontent.com/Palantiraddon/Repo/master/Palantir/addons.xml</info>
            <checksum>https://raw.githubusercontent.com/Palantiraddon/Repo/master/Palantir/addons.xml.md5</checksum>
            <datadir zip="true">https://raw.githubusercontent.com/Palantiraddon/repo/master/Palantir/</datadir>
        </dir>
    </extension>
    
    <extension point="xbmc.addon.metadata">
        <summary>[COLOR steelblue]Repo[/COLOR] [COLOR azure]Andtv[/COLOR] [COLOR limegreen]Matrix[/COLOR]</summary>
        <description>Repositorio de addons para [COLOR azure]ANDTV[/COLOR].
[B][COLOR lime]CREDITOS:[/COLOR][/B]		
[B][COLOR white]• Developers:[/COLOR][/B] [COLOR olivedrab]JoseAnd[/COLOR]</description> 		             
        <disclaimer>[COLOR cyan]Éste repositorio sólo recoge Add-ons válidos para Kodi 19 MATRIX.[/COLOR]</disclaimer>
        <platform>all</platform>
        <assets>
            <icon>icon.png</icon>
            <fanart>fanart.jpg</fanart>
        </assets>
		<source>https://andtv.github.io/tvban</source>
    </extension>
</addon>
